ACTION,GOTO
ClosureId,!=,(,),*,+,",",-,/,;,<,<=,=,==,>,>=,Expressions1q,Identifier,dig,else,idt,if,int,return,void,while,{,},#,ActualParameterList,ActualParameters,AdditiveExpression,AssignmentStatement,Expression,Expressions,FTYPE,Factor,FormalParameters,FunctionCall,IfStatement,InternalDeclaration,InternalVariableDeclaration,OperatorFactor,OperatorTerm,Parameter,ParameterList,Parameters,Program,RelopAdditiveExpression,ReturnStatement,Start,Statement,StatementBlock,StatementSequence,Term,Type,WhileStatement,relop
0,,,,,,,,,,,,,,,,,,,,,,s3,,s4,,,,,,,,,,,,,,,,,,,,,,,1,,,,,,,,2,,
1,,,,,,,,,,,,,,,,,,,,,,,,,,,,acc,,,,,,,,,,,,,,,,,,,,,,,,,,,,,
2,,,,,,,,,,,,,,,,,,,,s5,,,,,,,,,,,,,,,,,,,,,,,,,,,,,,,,,,,,,
3,,,,,,,,,,,,,,,,,,,,r2,,,,,,,,,,,,,,,,,,,,,,,,,,,,,,,,,,,,,
4,,,,,,,,,,,,,,,,,,,,r3,,,,,,,,,,,,,,,,,,,,,,,,,,,,,,,,,,,,,
5,,s6,,,,,,,,,,,,,,,,,,,,,,,,,,,,,,,,,,,,,,,,,,,,,,,,,,,,,,,
6,,,,,,,,,,,,,,,,,,,,,,s10,,s11,,,,,,,,,,,,,7,,,,,,,8,9,,,,,,,,,,,,
7,,,s12,,,,,,,,,,,,,,,,,,,,,,,,,,,,,,,,,,,,,,,,,,,,,,,,,,,,,,
8,,,,,,s13,,,,,,,,,,,,,,,,,,,,,,,,,,,,,,,,,,,,,,,,14,,,,,,,,,,,
9,,,r4,,,,,,,,,,,,,,,,,,,,,,,,,,,,,,,,,,,,,,,,,,,,,,,,,,,,,,
10,,,,,,,,,,,,,,,,,,,,s15,,,,,,,,,,,,,,,,,,,,,,,,,,,,,,,,,,,,,
11,,,r5,,,,,,,,,,,,,,,,,,,,,,,,,,,,,,,,,,,,,,,,,,,,,,,,,,,,,,
12,,,,,,,,,,,,,,,,,,,,,,,,,,s17,,,,,,,,,,,,,,,,,,,,,,,,,,16,,,,,
13,,,,,,,,,,,,,,,,,,,,,,s19,,,,,,,,,,,,,,,,,,,,,,18,,,,,,,,,,,,,
14,,,r6,,,,,,,,,,,,,,,,,,,,,,,,,,,,,,,,,,,,,,,,,,,,,,,,,,,,,,
15,,,,,,r9,,,,,,,,,,,,,,,,,,,,,,,,,,,,,,,,,,,,,,,,,,,,,,,,,,,
16,,,,,,,,,,,,,,,,,,,,,,,,,,,,r1,,,,,,,,,,,,,,,,,,,,,,,,,,,,,
17,,,,,,,,,,,,,,,,,,,,s29,s30,s31,s32,,s33,,,,,,,20,,,,,,,21,22,23,,,24,,,,,25,,26,,27,,,28,
18,,,r8,,,s13,,,,,,,,,,,,,,,,,,,,,,,,,,,,,,,,,,,,,,,,34,,,,,,,,,,,
19,,,,,,,,,,,,,,,,,,,,s35,,,,,,,,,,,,,,,,,,,,,,,,,,,,,,,,,,,,,
20,,,,,,,,,,,,,,,,,,,,r20,r20,,r20,,r20,,r20,,,,,,,,,,,,,,,,,,,,,,,,,,,,,,
21,,,,,,,,,,,,,,,,,,,,r17,r17,,r17,,r17,,r17,,,,,,,,,,,,,,,,,,,,,,,,,,,,,,
22,,,,,,,,,,,,,,,,,,,,s29,s30,,s32,,s33,,,,,,,20,,,,,,,21,,,,,,,,,,25,,26,,36,,,28,
23,,,,,,,,,,,,,,,,,,,,r13,r13,s31,r13,,r13,,,,,,,,,,,,,,,37,23,,,24,,,,,,,,,,,,,
24,,,,,,,,,s38,,,,,,,,,,,,,,,,,,,,,,,,,,,,,,,,,,,,,,,,,,,,,,,,
25,,,,,,,,,,,,,,,,,,,,r19,r19,,r19,,r19,,r19,,,,,,,,,,,,,,,,,,,,,,,,,,,,,,
26,,,,,,,,,,,,,,,,,,,,r16,r16,,r16,,r16,,r16,,,,,,,,,,,,,,,,,,,,,,,,,,,,,,
27,,,,,,,,,,,,,,,,,,,,s29,s30,,s32,,s33,,s40,,,,,20,,,,,,,21,,,,,,,,,,25,,39,,,,,28,
28,,,,,,,,,,,,,,,,,,,,r18,r18,,r18,,r18,,r18,,,,,,,,,,,,,,,,,,,,,,,,,,,,,,
29,,,,,,,,,,,,s41,,,,,,,,,,,,,,,,,,,,,,,,,,,,,,,,,,,,,,,,,,,,,
30,,s42,,,,,,,,,,,,,,,,,,,,,,,,,,,,,,,,,,,,,,,,,,,,,,,,,,,,,,,
31,,,,,,,,,,,,,,,,,,,,s43,,,,,,,,,,,,,,,,,,,,,,,,,,,,,,,,,,,,,
32,,s44,,,,,,,s45,,,,,,,,s49,s51,,,,,,,,,,,,,46,,47,,,48,,,,,,,,,,,,,,,,,,50,,,
33,,s52,,,,,,,,,,,,,,,,,,,,,,,,,,,,,,,,,,,,,,,,,,,,,,,,,,,,,,,
34,,,r7,,,,,,,,,,,,,,,,,,,,,,,,,,,,,,,,,,,,,,,,,,,,,,,,,,,,,,
35,,,r9,,,r9,,,,,,,,,,,,,,,,,,,,,,,,,,,,,,,,,,,,,,,,,,,,,,,,,,,
36,,,,,,,,,,,,,,,,,,,,s29,s30,,s32,,s33,,s53,,,,,20,,,,,,,21,,,,,,,,,,25,,39,,,,,28,
37,,,,,,,,,,,,,,,,,,,,r12,r12,,r12,,r12,,,,,,,,,,,,,,,,,,,,,,,,,,,,,,,,
38,,,,,,,,,,,,,,,,,,,,r14,r14,r14,r14,,r14,,,,,,,,,,,,,,,,,,,,,,,,,,,,,,,,
39,,,,,,,,,,,,,,,,,,,,r15,r15,,r15,,r15,,r15,,,,,,,,,,,,,,,,,,,,,,,,,,,,,,
40,,,,,,,,,,,,,,,,,,,,,,,,,,,,r11,,,,,,,,,,,,,,,,,,,,,,,,,,,,,
41,,s44,,,,,,,,,,,,,,,s49,s51,,,,,,,,,,,,,46,,54,,,48,,,,,,,,,,,,,,,,,,50,,,
42,,s55,,,,,,,,,,,,,,,s59,s61,,,,,,,,,,,,,56,,57,,,58,,,,,,,,,,,,,,,,,,60,,,
43,,,,,,,,,r9,,,,,,,,,,,,,,,,,,,,,,,,,,,,,,,,,,,,,,,,,,,,,,,,
44,,s55,,,,,,,,,,,,,,,s59,s61,,,,,,,,,,,,,56,,62,,,58,,,,,,,,,,,,,,,,,,60,,,
45,,,,,,,,,,,,,,,,,,,,r24,r24,,r24,,r24,,r24,,,,,,,,,,,,,,,,,,,,,,,,,,,,,,
46,s63,,,,,,,,r27,s64,s65,,s66,s67,s68,,,,,,,,,,,,,,,,,,,,,,,,,,,,,,,,,69,,,,,,,,,70
47,,,,,,,,,s71,,,,,,,,,,,,,,,,,,,,,,,,,,,,,,,,,,,,,,,,,,,,,,,,
48,r43,,,s72,r43,,r43,s73,r43,r43,r43,,r43,r43,r43,,,,,,,,,,,,,,,,,,,,,,,,,,,74,,,,,,,,,,,,,,,
49,r51,s75,,r51,r51,,r51,r51,r51,r51,r51,,r51,r51,r51,,,,,,,,,,,,,,,,,,,,76,,,77,,,,,,,,,,,,,,,,,,,
50,r37,,,,s78,,s79,,r37,r37,r37,,r37,r37,r37,,,,,,,,,,,,,,,,,,,,,,,,,,,,80,,,,,,,,,,,,,,
51,r49,,,r49,r49,,r49,r49,r49,r49,r49,,r49,r49,r49,,,,,,,,,,,,,,,,,,,,,,,,,,,,,,,,,,,,,,,,,,
52,,s55,,,,,,,,,,,,,,,s59,s61,,,,,,,,,,,,,56,,81,,,58,,,,,,,,,,,,,,,,,,60,,,
53,,,,,,,,,,,,,,,,,,,,,,,,,,,,r10,,,,,,,,,,,,,,,,,,,,,,,,,,,,,
54,,,,,,,,,s82,,,,,,,,,,,,,,,,,,,,,,,,,,,,,,,,,,,,,,,,,,,,,,,,
55,,s55,,,,,,,,,,,,,,,s59,s61,,,,,,,,,,,,,56,,83,,,58,,,,,,,,,,,,,,,,,,60,,,
56,s63,,r27,,,,,,,s64,s65,,s66,s67,s68,,,,,,,,,,,,,,,,,,,,,,,,,,,,,,,,,84,,,,,,,,,85
57,,,s86,,,,,,,,,,,,,,,,,,,,,,,,,,,,,,,,,,,,,,,,,,,,,,,,,,,,,,
58,r43,,r43,s87,r43,,r43,s88,,r43,r43,,r43,r43,r43,,,,,,,,,,,,,,,,,,,,,,,,,,,89,,,,,,,,,,,,,,,
59,r51,s90,r51,r51,r51,,r51,r51,,r51,r51,,r51,r51,r51,,,,,,,,,,,,,,,,,,,,91,,,92,,,,,,,,,,,,,,,,,,,
60,r37,,r37,,s93,,s94,,,r37,r37,,r37,r37,r37,,,,,,,,,,,,,,,,,,,,,,,,,,,,95,,,,,,,,,,,,,,
61,r49,,r49,r49,r49,,r49,r49,,r49,r49,,r49,r49,r49,,,,,,,,,,,,,,,,,,,,,,,,,,,,,,,,,,,,,,,,,,
62,,,s96,,,,,,,,,,,,,,,,,,,,,,,,,,,,,,,,,,,,,,,,,,,,,,,,,,,,,,
63,,r36,,,,,,,,,,,,,,,r36,r36,,,,,,,,,,,,,,,,,,,,,,,,,,,,,,,,,,,,,,,
64,,r32,,,,,,,,,,,,,,,r32,r32,,,,,,,,,,,,,,,,,,,,,,,,,,,,,,,,,,,,,,,
65,,r34,,,,,,,,,,,,,,,r34,r34,,,,,,,,,,,,,,,,,,,,,,,,,,,,,,,,,,,,,,,
66,,r35,,,,,,,,,,,,,,,r35,r35,,,,,,,,,,,,,,,,,,,,,,,,,,,,,,,,,,,,,,,
67,,r31,,,,,,,,,,,,,,,r31,r31,,,,,,,,,,,,,,,,,,,,,,,,,,,,,,,,,,,,,,,
68,,r33,,,,,,,,,,,,,,,r33,r33,,,,,,,,,,,,,,,,,,,,,,,,,,,,,,,,,,,,,,,
69,s63,,,,,,,,r28,s64,s65,,s66,s67,s68,,,,,,,,,,,,,,,,,,,,,,,,,,,,,,,,,,,,,,,,,,97
70,,s44,,,,,,,,,,,,,,,s49,s51,,,,,,,,,,,,,98,,,,,48,,,,,,,,,,,,,,,,,,50,,,
71,,,,,,,,,,,,,,,,,,,,r25,r25,,r25,,r25,,r25,,,,,,,,,,,,,,,,,,,,,,,,,,,,,,
72,,s44,,,,,,,,,,,,,,,s49,s51,,,,,,,,,,,,,,,,,,99,,,,,,,,,,,,,,,,,,,,,
73,,s44,,,,,,,,,,,,,,,s49,s51,,,,,,,,,,,,,,,,,,100,,,,,,,,,,,,,,,,,,,,,
74,r44,,,s101,r44,,r44,s102,r44,r44,r44,,r44,r44,r44,,,,,,,,,,,,,,,,,,,,,,,,,,,,,,,,,,,,,,,,,,
75,,s103,s104,,,,,,,,,,,,,,s110,s112,,,,,,,,,,,105,106,107,,108,,,109,,,,,,,,,,,,,,,,,,111,,,
76,r52,,,r52,r52,,r52,r52,r52,r52,r52,,r52,r52,r52,,,,,,,,,,,,,,,,,,,,,,,,,,,,,,,,,,,,,,,,,,
77,r53,,,r53,r53,,r53,r53,r53,r53,r53,,r53,r53,r53,,,,,,,,,,,,,,,,,,,,,,,,,,,,,,,,,,,,,,,,,,
78,,s44,,,,,,,,,,,,,,,s49,s51,,,,,,,,,,,,,,,,,,48,,,,,,,,,,,,,,,,,,113,,,
79,,s44,,,,,,,,,,,,,,,s49,s51,,,,,,,,,,,,,,,,,,48,,,,,,,,,,,,,,,,,,114,,,
80,r38,,,,s115,,s116,,r38,r38,r38,,r38,r38,r38,,,,,,,,,,,,,,,,,,,,,,,,,,,,,,,,,,,,,,,,,,
81,,,s117,,,,,,,,,,,,,,,,,,,,,,,,,,,,,,,,,,,,,,,,,,,,,,,,,,,,,,
82,,,,,,,,,,,,,,,,,,,,r26,r26,,r26,,r26,,r26,,,,,,,,,,,,,,,,,,,,,,,,,,,,,,
83,,,s118,,,,,,,,,,,,,,,,,,,,,,,,,,,,,,,,,,,,,,,,,,,,,,,,,,,,,,
84,s63,,r28,,,,,,,s64,s65,,s66,s67,s68,,,,,,,,,,,,,,,,,,,,,,,,,,,,,,,,,,,,,,,,,,119
85,,s55,,,,,,,,,,,,,,,s59,s61,,,,,,,,,,,,,120,,,,,58,,,,,,,,,,,,,,,,,,60,,,
86,,,,,,,,,,,,,,,,,,,,,,,,,,s122,,,,,,,,,,,,,,,,,,,,,,,,,,121,,,,,
87,,s55,,,,,,,,,,,,,,,s59,s61,,,,,,,,,,,,,,,,,,123,,,,,,,,,,,,,,,,,,,,,
88,,s55,,,,,,,,,,,,,,,s59,s61,,,,,,,,,,,,,,,,,,124,,,,,,,,,,,,,,,,,,,,,
89,r44,,r44,s125,r44,,r44,s126,,r44,r44,,r44,r44,r44,,,,,,,,,,,,,,,,,,,,,,,,,,,,,,,,,,,,,,,,,,
90,,s103,s127,,,,,,,,,,,,,,s110,s112,,,,,,,,,,,105,128,107,,108,,,109,,,,,,,,,,,,,,,,,,111,,,
91,r52,,r52,r52,r52,,r52,r52,,r52,r52,,r52,r52,r52,,,,,,,,,,,,,,,,,,,,,,,,,,,,,,,,,,,,,,,,,,
92,r53,,r53,r53,r53,,r53,r53,,r53,r53,,r53,r53,r53,,,,,,,,,,,,,,,,,,,,,,,,,,,,,,,,,,,,,,,,,,
93,,s55,,,,,,,,,,,,,,,s59,s61,,,,,,,,,,,,,,,,,,58,,,,,,,,,,,,,,,,,,129,,,
94,,s55,,,,,,,,,,,,,,,s59,s61,,,,,,,,,,,,,,,,,,58,,,,,,,,,,,,,,,,,,130,,,
95,r38,,r38,,s131,,s132,,,r38,r38,,r38,r38,r38,,,,,,,,,,,,,,,,,,,,,,,,,,,,,,,,,,,,,,,,,,
96,r50,,,r50,r50,,r50,r50,r50,r50,r50,,r50,r50,r50,,,,,,,,,,,,,,,,,,,,,,,,,,,,,,,,,,,,,,,,,,
97,,s44,,,,,,,,,,,,,,,s49,s51,,,,,,,,,,,,,133,,,,,48,,,,,,,,,,,,,,,,,,50,,,
98,r29,,,,,,,,r29,r29,r29,,r29,r29,r29,,,,,,,,,,,,,,,,,,,,,,,,,,,,,,,,,,,,,,,,,,
99,r45,,,r45,r45,,r45,r45,r45,r45,r45,,r45,r45,r45,,,,,,,,,,,,,,,,,,,,,,,,,,,,,,,,,,,,,,,,,,
100,r46,,,r46,r46,,r46,r46,r46,r46,r46,,r46,r46,r46,,,,,,,,,,,,,,,,,,,,,,,,,,,,,,,,,,,,,,,,,,
101,,s44,,,,,,,,,,,,,,,s49,s51,,,,,,,,,,,,,,,,,,134,,,,,,,,,,,,,,,,,,,,,
102,,s44,,,,,,,,,,,,,,,s49,s51,,,,,,,,,,,,,,,,,,135,,,,,,,,,,,,,,,,,,,,,
103,,s55,,,,,,,,,,,,,,,s59,s61,,,,,,,,,,,,,56,,136,,,58,,,,,,,,,,,,,,,,,,60,,,
104,r55,,,r55,r55,,r55,r55,r55,r55,r55,,r55,r55,r55,,,,,,,,,,,,,,,,,,,,,,,,,,,,,,,,,,,,,,,,,,
105,,,r56,,,,,,,,,,,,,,,,,,,,,,,,,,,,,,,,,,,,,,,,,,,,,,,,,,,,,,
106,,,s137,,,,,,,,,,,,,,,,,,,,,,,,,,,,,,,,,,,,,,,,,,,,,,,,,,,,,,
107,s63,,,,,r27,,,,s64,s65,,s66,s67,s68,,,,,,,,,,,,,,,,,,,,,,,,,,,,,,,,,138,,,,,,,,,139
108,,,,,,s140,,,,,,,,,,,,,,,,,,,,,,,,,,,,141,,,,,,,,,,,,,,,,,,,,,,,
109,r43,,,s142,r43,r43,r43,s143,,r43,r43,,r43,r43,r43,,,,,,,,,,,,,,,,,,,,,,,,,,,144,,,,,,,,,,,,,,,
110,r51,s145,,r51,r51,r51,r51,r51,,r51,r51,,r51,r51,r51,,,,,,,,,,,,,,,,,,,,146,,,147,,,,,,,,,,,,,,,,,,,
111,r37,,,,s148,r37,s149,,,r37,r37,,r37,r37,r37,,,,,,,,,,,,,,,,,,,,,,,,,,,,150,,,,,,,,,,,,,,
112,r49,,,r49,r49,r49,r49,r49,,r49,r49,,r49,r49,r49,,,,,,,,,,,,,,,,,,,,,,,,,,,,,,,,,,,,,,,,,,
113,r39,,,,r39,,r39,,r39,r39,r39,,r39,r39,r39,,,,,,,,,,,,,,,,,,,,,,,,,,,,,,,,,,,,,,,,,,
114,r40,,,,r40,,r40,,r40,r40,r40,,r40,r40,r40,,,,,,,,,,,,,,,,,,,,,,,,,,,,,,,,,,,,,,,,,,
115,,s44,,,,,,,,,,,,,,,s49,s51,,,,,,,,,,,,,,,,,,48,,,,,,,,,,,,,,,,,,151,,,
116,,s44,,,,,,,,,,,,,,,s49,s51,,,,,,,,,,,,,,,,,,48,,,,,,,,,,,,,,,,,,152,,,
117,,,,,,,,,,,,,,,,,,,,,,,,,,s154,,,,,,,,,,,,,,,,,,,,,,,,,,153,,,,,
118,r50,,r50,r50,r50,,r50,r50,,r50,r50,,r50,r50,r50,,,,,,,,,,,,,,,,,,,,,,,,,,,,,,,,,,,,,,,,,,
119,,s55,,,,,,,,,,,,,,,s59,s61,,,,,,,,,,,,,155,,,,,58,,,,,,,,,,,,,,,,,,60,,,
120,r29,,r29,,,,,,,r29,r29,,r29,r29,r29,,,,,,,,,,,,,,,,,,,,,,,,,,,,,,,,,,,,,,,,,,
121,,,,,,,,,,,,,,,,,,,s156,r21,r21,,r21,,r21,,r21,,,,,,,,,,,,,,,,,,,,,,,,,,,,,,
122,,,,,,,,,,,,,,,,,,,,s29,s30,s31,s32,,s33,,,,,,,20,,,,,,,21,157,23,,,24,,,,,25,,26,,158,,,28,
123,r45,,r45,r45,r45,,r45,r45,,r45,r45,,r45,r45,r45,,,,,,,,,,,,,,,,,,,,,,,,,,,,,,,,,,,,,,,,,,
124,r46,,r46,r46,r46,,r46,r46,,r46,r46,,r46,r46,r46,,,,,,,,,,,,,,,,,,,,,,,,,,,,,,,,,,,,,,,,,,
125,,s55,,,,,,,,,,,,,,,s59,s61,,,,,,,,,,,,,,,,,,159,,,,,,,,,,,,,,,,,,,,,
126,,s55,,,,,,,,,,,,,,,s59,s61,,,,,,,,,,,,,,,,,,160,,,,,,,,,,,,,,,,,,,,,
127,r55,,r55,r55,r55,,r55,r55,,r55,r55,,r55,r55,r55,,,,,,,,,,,,,,,,,,,,,,,,,,,,,,,,,,,,,,,,,,
128,,,s161,,,,,,,,,,,,,,,,,,,,,,,,,,,,,,,,,,,,,,,,,,,,,,,,,,,,,,
129,r39,,r39,,r39,,r39,,,r39,r39,,r39,r39,r39,,,,,,,,,,,,,,,,,,,,,,,,,,,,,,,,,,,,,,,,,,
130,r40,,r40,,r40,,r40,,,r40,r40,,r40,r40,r40,,,,,,,,,,,,,,,,,,,,,,,,,,,,,,,,,,,,,,,,,,
131,,s55,,,,,,,,,,,,,,,s59,s61,,,,,,,,,,,,,,,,,,58,,,,,,,,,,,,,,,,,,162,,,
132,,s55,,,,,,,,,,,,,,,s59,s61,,,,,,,,,,,,,,,,,,58,,,,,,,,,,,,,,,,,,163,,,
133,r30,,,,,,,,r30,r30,r30,,r30,r30,r30,,,,,,,,,,,,,,,,,,,,,,,,,,,,,,,,,,,,,,,,,,
134,r47,,,r47,r47,,r47,r47,r47,r47,r47,,r47,r47,r47,,,,,,,,,,,,,,,,,,,,,,,,,,,,,,,,,,,,,,,,,,
135,r48,,,r48,r48,,r48,r48,r48,r48,r48,,r48,r48,r48,,,,,,,,,,,,,,,,,,,,,,,,,,,,,,,,,,,,,,,,,,
136,,,s164,,,,,,,,,,,,,,,,,,,,,,,,,,,,,,,,,,,,,,,,,,,,,,,,,,,,,,
137,r54,,,r54,r54,,r54,r54,r54,r54,r54,,r54,r54,r54,,,,,,,,,,,,,,,,,,,,,,,,,,,,,,,,,,,,,,,,,,
138,s63,,,,,r28,,,,s64,s65,,s66,s67,s68,,,,,,,,,,,,,,,,,,,,,,,,,,,,,,,,,,,,,,,,,,165
139,,s103,,,,,,,,,,,,,,,s110,s112,,,,,,,,,,,,,166,,,,,109,,,,,,,,,,,,,,,,,,111,,,
140,,,,,,,,,,,,,,,,,,,,,,s168,,,,,,,,,,,,,,,,,,,,,,167,,,,,,,,,,,,,
141,,,r57,,,,,,,,,,,,,,,,,,,,,,,,,,,,,,,,,,,,,,,,,,,,,,,,,,,,,,
142,,s103,,,,,,,,,,,,,,,s110,s112,,,,,,,,,,,,,,,,,,169,,,,,,,,,,,,,,,,,,,,,
143,,s103,,,,,,,,,,,,,,,s110,s112,,,,,,,,,,,,,,,,,,170,,,,,,,,,,,,,,,,,,,,,
144,r44,,,s171,r44,r44,r44,s172,,r44,r44,,r44,r44,r44,,,,,,,,,,,,,,,,,,,,,,,,,,,,,,,,,,,,,,,,,,
145,,s103,s173,,,,,,,,,,,,,,s110,s112,,,,,,,,,,,105,174,107,,108,,,109,,,,,,,,,,,,,,,,,,111,,,
146,r52,,,r52,r52,r52,r52,r52,,r52,r52,,r52,r52,r52,,,,,,,,,,,,,,,,,,,,,,,,,,,,,,,,,,,,,,,,,,
147,r53,,,r53,r53,r53,r53,r53,,r53,r53,,r53,r53,r53,,,,,,,,,,,,,,,,,,,,,,,,,,,,,,,,,,,,,,,,,,
148,,s103,,,,,,,,,,,,,,,s110,s112,,,,,,,,,,,,,,,,,,109,,,,,,,,,,,,,,,,,,175,,,
149,,s103,,,,,,,,,,,,,,,s110,s112,,,,,,,,,,,,,,,,,,109,,,,,,,,,,,,,,,,,,176,,,
150,r38,,,,s177,r38,s178,,,r38,r38,,r38,r38,r38,,,,,,,,,,,,,,,,,,,,,,,,,,,,,,,,,,,,,,,,,,
151,r41,,,,r41,,r41,,r41,r41,r41,,r41,r41,r41,,,,,,,,,,,,,,,,,,,,,,,,,,,,,,,,,,,,,,,,,,
152,r42,,,,r42,,r42,,r42,r42,r42,,r42,r42,r42,,,,,,,,,,,,,,,,,,,,,,,,,,,,,,,,,,,,,,,,,,
153,,,,,,,,,,,,,,,,,,,,r23,r23,,r23,,r23,,r23,,,,,,,,,,,,,,,,,,,,,,,,,,,,,,
154,,,,,,,,,,,,,,,,,,,,s29,s30,s31,s32,,s33,,,,,,,20,,,,,,,21,179,23,,,24,,,,,25,,26,,180,,,28,
155,r30,,r30,,,,,,,r30,r30,,r30,r30,r30,,,,,,,,,,,,,,,,,,,,,,,,,,,,,,,,,,,,,,,,,,
156,,,,,,,,,,,,,,,,,,,,,,,,,,s154,,,,,,,,,,,,,,,,,,,,,,,,,,181,,,,,
157,,,,,,,,,,,,,,,,,,,,s29,s30,,s32,,s33,,,,,,,20,,,,,,,21,,,,,,,,,,25,,26,,182,,,28,
158,,,,,,,,,,,,,,,,,,,,s29,s30,,s32,,s33,,s183,,,,,20,,,,,,,21,,,,,,,,,,25,,39,,,,,28,
159,r47,,r47,r47,r47,,r47,r47,,r47,r47,,r47,r47,r47,,,,,,,,,,,,,,,,,,,,,,,,,,,,,,,,,,,,,,,,,,
160,r48,,r48,r48,r48,,r48,r48,,r48,r48,,r48,r48,r48,,,,,,,,,,,,,,,,,,,,,,,,,,,,,,,,,,,,,,,,,,
161,r54,,r54,r54,r54,,r54,r54,,r54,r54,,r54,r54,r54,,,,,,,,,,,,,,,,,,,,,,,,,,,,,,,,,,,,,,,,,,
162,r41,,r41,,r41,,r41,,,r41,r41,,r41,r41,r41,,,,,,,,,,,,,,,,,,,,,,,,,,,,,,,,,,,,,,,,,,
163,r42,,r42,,r42,,r42,,,r42,r42,,r42,r42,r42,,,,,,,,,,,,,,,,,,,,,,,,,,,,,,,,,,,,,,,,,,
164,r50,,,r50,r50,r50,r50,r50,,r50,r50,,r50,r50,r50,,,,,,,,,,,,,,,,,,,,,,,,,,,,,,,,,,,,,,,,,,
165,,s103,,,,,,,,,,,,,,,s110,s112,,,,,,,,,,,,,184,,,,,109,,,,,,,,,,,,,,,,,,111,,,
166,r29,,,,,r29,,,,r29,r29,,r29,r29,r29,,,,,,,,,,,,,,,,,,,,,,,,,,,,,,,,,,,,,,,,,,
167,,,r59,,,,,,,,,,,,,s185,,,,,,,,,,,,,,,,,,,,,,,,,,,,,,,,,,,,,,,,,
168,,,,,,,,,,,,,,,,,,,,s186,,,,,,,,,,,,,,,,,,,,,,,,,,,,,,,,,,,,,
169,r45,,,r45,r45,r45,r45,r45,,r45,r45,,r45,r45,r45,,,,,,,,,,,,,,,,,,,,,,,,,,,,,,,,,,,,,,,,,,
170,r46,,,r46,r46,r46,r46,r46,,r46,r46,,r46,r46,r46,,,,,,,,,,,,,,,,,,,,,,,,,,,,,,,,,,,,,,,,,,
171,,s103,,,,,,,,,,,,,,,s110,s112,,,,,,,,,,,,,,,,,,187,,,,,,,,,,,,,,,,,,,,,
172,,s103,,,,,,,,,,,,,,,s110,s112,,,,,,,,,,,,,,,,,,188,,,,,,,,,,,,,,,,,,,,,
173,r55,,,r55,r55,r55,r55,r55,,r55,r55,,r55,r55,r55,,,,,,,,,,,,,,,,,,,,,,,,,,,,,,,,,,,,,,,,,,
174,,,s189,,,,,,,,,,,,,,,,,,,,,,,,,,,,,,,,,,,,,,,,,,,,,,,,,,,,,,
175,r39,,,,r39,r39,r39,,,r39,r39,,r39,r39,r39,,,,,,,,,,,,,,,,,,,,,,,,,,,,,,,,,,,,,,,,,,
176,r40,,,,r40,r40,r40,,,r40,r40,,r40,r40,r40,,,,,,,,,,,,,,,,,,,,,,,,,,,,,,,,,,,,,,,,,,
177,,s103,,,,,,,,,,,,,,,s110,s112,,,,,,,,,,,,,,,,,,109,,,,,,,,,,,,,,,,,,190,,,
178,,s103,,,,,,,,,,,,,,,s110,s112,,,,,,,,,,,,,,,,,,109,,,,,,,,,,,,,,,,,,191,,,
179,,,,,,,,,,,,,,,,,,,,s29,s30,,s32,,s33,,,,,,,20,,,,,,,21,,,,,,,,,,25,,26,,192,,,28,
180,,,,,,,,,,,,,,,,,,,,s29,s30,,s32,,s33,,s193,,,,,20,,,,,,,21,,,,,,,,,,25,,39,,,,,28,
181,,,,,,,,,,,,,,,,,,,,r22,r22,,r22,,r22,,r22,,,,,,,,,,,,,,,,,,,,,,,,,,,,,,
182,,,,,,,,,,,,,,,,,,,,s29,s30,,s32,,s33,,s194,,,,,20,,,,,,,21,,,,,,,,,,25,,39,,,,,28,
183,,,,,,,,,,,,,,,,,,,r11,r11,r11,,r11,,r11,,r11,,,,,,,,,,,,,,,,,,,,,,,,,,,,,,
184,r30,,,,,r30,,,,r30,r30,,r30,r30,r30,,,,,,,,,,,,,,,,,,,,,,,,,,,,,,,,,,,,,,,,,,
185,,,r58,,,,,,,,,,,,,,,,,,,,,,,,,,,,,,,,,,,,,,,,,,,,,,,,,,,,,,
186,,,r9,,,,,,,,,,,,,r9,,,,,,,,,,,,,,,,,,,,,,,,,,,,,,,,,,,,,,,,,
187,r47,,,r47,r47,r47,r47,r47,,r47,r47,,r47,r47,r47,,,,,,,,,,,,,,,,,,,,,,,,,,,,,,,,,,,,,,,,,,
188,r48,,,r48,r48,r48,r48,r48,,r48,r48,,r48,r48,r48,,,,,,,,,,,,,,,,,,,,,,,,,,,,,,,,,,,,,,,,,,
189,r54,,,r54,r54,r54,r54,r54,,r54,r54,,r54,r54,r54,,,,,,,,,,,,,,,,,,,,,,,,,,,,,,,,,,,,,,,,,,
190,r41,,,,r41,r41,r41,,,r41,r41,,r41,r41,r41,,,,,,,,,,,,,,,,,,,,,,,,,,,,,,,,,,,,,,,,,,
191,r42,,,,r42,r42,r42,,,r42,r42,,r42,r42,r42,,,,,,,,,,,,,,,,,,,,,,,,,,,,,,,,,,,,,,,,,,
192,,,,,,,,,,,,,,,,,,,,s29,s30,,s32,,s33,,s195,,,,,20,,,,,,,21,,,,,,,,,,25,,39,,,,,28,
193,,,,,,,,,,,,,,,,,,,,r11,r11,,r11,,r11,,r11,,,,,,,,,,,,,,,,,,,,,,,,,,,,,,
194,,,,,,,,,,,,,,,,,,,r10,r10,r10,,r10,,r10,,r10,,,,,,,,,,,,,,,,,,,,,,,,,,,,,,
195,,,,,,,,,,,,,,,,,,,,r10,r10,,r10,,r10,,r10,,,,,,,,,,,,,,,,,,,,,,,,,,,,,,
